"","year","countryname","Group","TotalSub"
"1",2015,"Belgium","Explicit subsidy (Consumer)",89.8963286802013
"2",2015,"Belgium","Explicit subsidy (Producer)",0.0204095959401179
"3",2015,"Belgium","Implicit subsidy",9597.19039372438
"4",2015,"Brazil","Explicit subsidy (Consumer)",538.712667205428
"5",2015,"Brazil","Explicit subsidy (Producer)",2650.75311361343
"6",2015,"Brazil","Implicit subsidy",68186.3449735594
"7",2015,"China","Explicit subsidy (Consumer)",8281.18736529024
"8",2015,"China","Explicit subsidy (Producer)",5580.56316307501
"9",2015,"China","Implicit subsidy",1081200.45774933
"10",2015,"Denmark","Explicit subsidy (Consumer)",1275.01593627828
"11",2015,"Denmark","Explicit subsidy (Producer)",0.00523676617474773
"12",2015,"Denmark","Implicit subsidy",352.007441436285
"13",2015,"Finland","Explicit subsidy (Consumer)",0.5493934995572
"14",2015,"Finland","Explicit subsidy (Producer)",0.00313818594257098
"15",2015,"Finland","Implicit subsidy",755.040316553944
"16",2015,"France","Explicit subsidy (Consumer)",1049.69026197747
"17",2015,"France","Explicit subsidy (Producer)",85.8169608307354
"18",2015,"France","Implicit subsidy",42296.769057855
"19",2015,"Germany","Explicit subsidy (Consumer)",0
"20",2015,"Germany","Explicit subsidy (Producer)",3221.44054688351
"21",2015,"Germany","Implicit subsidy",69490.701615524
"22",2015,"India","Explicit subsidy (Consumer)",7939.30209386188
"23",2015,"India","Explicit subsidy (Producer)",42.3970586412244
"24",2015,"India","Implicit subsidy",154890.831641442
"25",2015,"Indonesia","Explicit subsidy (Consumer)",8465.6550950576
"26",2015,"Indonesia","Explicit subsidy (Producer)",1101.21004756121
"27",2015,"Indonesia","Implicit subsidy",66763.515242779
"28",2015,"Ireland","Explicit subsidy (Consumer)",0
"29",2015,"Ireland","Explicit subsidy (Producer)",0.00536207188885445
"30",2015,"Ireland","Implicit subsidy",1606.13462013356
"31",2015,"Italy","Explicit subsidy (Consumer)",0
"32",2015,"Italy","Explicit subsidy (Producer)",86.6427947781778
"33",2015,"Italy","Implicit subsidy",19502.6183371177
"34",2015,"Japan","Explicit subsidy (Consumer)",5282.91066056142
"35",2015,"Japan","Explicit subsidy (Producer)",935.510764600519
"36",2015,"Japan","Implicit subsidy",175338.947354854
"37",2015,"Luxembourg","Explicit subsidy (Consumer)",368.247019262467
"38",2015,"Luxembourg","Explicit subsidy (Producer)",0.0379794458672991
"39",2015,"Luxembourg","Implicit subsidy",1973.92788306666
"40",2015,"Mexico","Explicit subsidy (Consumer)",4107.82530775473
"41",2015,"Mexico","Explicit subsidy (Producer)",0.0563923929006812
"42",2015,"Mexico","Implicit subsidy",63727.6482950918
"43",2015,"Russian Federation","Explicit subsidy (Consumer)",34304.9396006559
"44",2015,"Russian Federation","Explicit subsidy (Producer)",3629.63178494296
"45",2015,"Russian Federation","Implicit subsidy",264660.623672861
"46",2015,"South Africa","Explicit subsidy (Consumer)",421.787000552215
"47",2015,"South Africa","Explicit subsidy (Producer)",0.11956671853235
"48",2015,"South Africa","Implicit subsidy",42125.7936726825
"49",2015,"Spain","Explicit subsidy (Consumer)",0
"50",2015,"Spain","Explicit subsidy (Producer)",490.895925461581
"51",2015,"Spain","Implicit subsidy",15771.3127890938
"52",2015,"Turkiye","Explicit subsidy (Consumer)",3486.84502746239
"53",2015,"Turkiye","Explicit subsidy (Producer)",494.870472032084
"54",2015,"Turkiye","Implicit subsidy",33602.9361682271
"55",2015,"United Kingdom","Explicit subsidy (Consumer)",0
"56",2015,"United Kingdom","Explicit subsidy (Producer)",6610.64016821041
"57",2015,"United Kingdom","Implicit subsidy",32570.1366378548
"58",2015,"United States","Explicit subsidy (Consumer)",0
"59",2015,"United States","Explicit subsidy (Producer)",2104.25269521781
"60",2015,"United States","Implicit subsidy",660573.919501269
"61",2016,"Belgium","Explicit subsidy (Consumer)",0
"62",2016,"Belgium","Explicit subsidy (Producer)",0.0121092007404604
"63",2016,"Belgium","Implicit subsidy",5857.14935250025
"64",2016,"Brazil","Explicit subsidy (Consumer)",501.504707513825
"65",2016,"Brazil","Explicit subsidy (Producer)",2687.3654174844
"66",2016,"Brazil","Implicit subsidy",39817.1619833204
"67",2016,"China","Explicit subsidy (Consumer)",7840.12481252682
"68",2016,"China","Explicit subsidy (Producer)",5049.33147753512
"69",2016,"China","Implicit subsidy",1126933.72308357
"70",2016,"Denmark","Explicit subsidy (Consumer)",1097.08095886224
"71",2016,"Denmark","Explicit subsidy (Producer)",0.00477433151458789
"72",2016,"Denmark","Implicit subsidy",422.222993226618
"73",2016,"Finland","Explicit subsidy (Consumer)",0
"74",2016,"Finland","Explicit subsidy (Producer)",0.00346307348566273
"75",2016,"Finland","Implicit subsidy",847.175586759254
"76",2016,"France","Explicit subsidy (Consumer)",0
"77",2016,"France","Explicit subsidy (Producer)",144.355251493653
"78",2016,"France","Implicit subsidy",28414.0301818815
"79",2016,"Germany","Explicit subsidy (Consumer)",0
"80",2016,"Germany","Explicit subsidy (Producer)",3430.03265755897
"81",2016,"Germany","Implicit subsidy",65784.4266311823
"82",2016,"India","Explicit subsidy (Consumer)",6506.6122138246
"83",2016,"India","Explicit subsidy (Producer)",95.7537083451872
"84",2016,"India","Implicit subsidy",155431.573326921
"85",2016,"Indonesia","Explicit subsidy (Consumer)",8548.12955517536
"86",2016,"Indonesia","Explicit subsidy (Producer)",1314.50917172692
"87",2016,"Indonesia","Implicit subsidy",60678.5739124797
"88",2016,"Ireland","Explicit subsidy (Consumer)",0
"89",2016,"Ireland","Explicit subsidy (Producer)",50.4401705215764
"90",2016,"Ireland","Implicit subsidy",2047.16737875523
"91",2016,"Italy","Explicit subsidy (Consumer)",0
"92",2016,"Italy","Explicit subsidy (Producer)",52.6176965624539
"93",2016,"Italy","Implicit subsidy",15708.6124615388
"94",2016,"Japan","Explicit subsidy (Consumer)",10835.5657562588
"95",2016,"Japan","Explicit subsidy (Producer)",610.75095243689
"96",2016,"Japan","Implicit subsidy",166869.837917399
"97",2016,"Luxembourg","Explicit subsidy (Consumer)",434.704378184308
"98",2016,"Luxembourg","Explicit subsidy (Producer)",0.0325606304466895
"99",2016,"Luxembourg","Implicit subsidy",1623.59353528023
"100",2016,"Mexico","Explicit subsidy (Consumer)",4430.02272271388
"101",2016,"Mexico","Explicit subsidy (Producer)",15.2691384338524
"102",2016,"Mexico","Implicit subsidy",67042.6446200787
"103",2016,"Russian Federation","Explicit subsidy (Consumer)",18773.0988371909
"104",2016,"Russian Federation","Explicit subsidy (Producer)",5822.27714965508
"105",2016,"Russian Federation","Implicit subsidy",224942.671032296
"106",2016,"South Africa","Explicit subsidy (Consumer)",1018.26441455707
"107",2016,"South Africa","Explicit subsidy (Producer)",0.134389740308729
"108",2016,"South Africa","Implicit subsidy",43165.0205436191
"109",2016,"Spain","Explicit subsidy (Consumer)",0
"110",2016,"Spain","Explicit subsidy (Producer)",317.054786965424
"111",2016,"Spain","Implicit subsidy",14445.3679441667
"112",2016,"Turkiye","Explicit subsidy (Consumer)",2762.38707583468
"113",2016,"Turkiye","Explicit subsidy (Producer)",574.753714217654
"114",2016,"Turkiye","Implicit subsidy",36293.9290573704
"115",2016,"United Kingdom","Explicit subsidy (Consumer)",0
"116",2016,"United Kingdom","Explicit subsidy (Producer)",4060.16815604583
"117",2016,"United Kingdom","Implicit subsidy",39121.2469476423
"118",2016,"United States","Explicit subsidy (Consumer)",0
"119",2016,"United States","Explicit subsidy (Producer)",1118.00565534969
"120",2016,"United States","Implicit subsidy",697002.436714397
"121",2017,"Belgium","Explicit subsidy (Consumer)",0
"122",2017,"Belgium","Explicit subsidy (Producer)",0.0089420324172974
"123",2017,"Belgium","Implicit subsidy",4482.37517518142
"124",2017,"Brazil","Explicit subsidy (Consumer)",336.674314091807
"125",2017,"Brazil","Explicit subsidy (Producer)",2844.77423406386
"126",2017,"Brazil","Implicit subsidy",38475.0654668775
"127",2017,"China","Explicit subsidy (Consumer)",35590.1326134671
"128",2017,"China","Explicit subsidy (Producer)",3365.95749214502
"129",2017,"China","Implicit subsidy",1218897.65541056
"130",2017,"Denmark","Explicit subsidy (Consumer)",1367.65711458621
"131",2017,"Denmark","Explicit subsidy (Producer)",62.5659348060588
"132",2017,"Denmark","Implicit subsidy",338.46363023586
"133",2017,"Finland","Explicit subsidy (Consumer)",370.90567833614
"134",2017,"Finland","Explicit subsidy (Producer)",0.0047748570456941
"135",2017,"Finland","Implicit subsidy",846.148763510124
"136",2017,"France","Explicit subsidy (Consumer)",0
"137",2017,"France","Explicit subsidy (Producer)",150.786546273853
"138",2017,"France","Implicit subsidy",23944.513725762
"139",2017,"Germany","Explicit subsidy (Consumer)",0
"140",2017,"Germany","Explicit subsidy (Producer)",3102.90989886783
"141",2017,"Germany","Implicit subsidy",68665.4360520305
"142",2017,"India","Explicit subsidy (Consumer)",17695.2411494841
"143",2017,"India","Explicit subsidy (Producer)",71.9622457724994
"144",2017,"India","Implicit subsidy",176280.033013507
"145",2017,"Indonesia","Explicit subsidy (Consumer)",13573.5406991055
"146",2017,"Indonesia","Explicit subsidy (Producer)",296.111106752033
"147",2017,"Indonesia","Implicit subsidy",71140.195051731
"148",2017,"Ireland","Explicit subsidy (Consumer)",0
"149",2017,"Ireland","Explicit subsidy (Producer)",72.7983128643088
"150",2017,"Ireland","Implicit subsidy",1977.48678230825
"151",2017,"Italy","Explicit subsidy (Consumer)",0
"152",2017,"Italy","Explicit subsidy (Producer)",55.7176953743249
"153",2017,"Italy","Implicit subsidy",14660.6663372163
"154",2017,"Japan","Explicit subsidy (Consumer)",15574.6077456221
"155",2017,"Japan","Explicit subsidy (Producer)",671.638999083097
"156",2017,"Japan","Implicit subsidy",187107.219648968
"157",2017,"Luxembourg","Explicit subsidy (Consumer)",491.695216831029
"158",2017,"Luxembourg","Explicit subsidy (Producer)",0.0358575723196312
"159",2017,"Luxembourg","Implicit subsidy",1857.58134809092
"160",2017,"Mexico","Explicit subsidy (Consumer)",4392.13639811879
"161",2017,"Mexico","Explicit subsidy (Producer)",20.3414797449403
"162",2017,"Mexico","Implicit subsidy",59514.6167168233
"163",2017,"Russian Federation","Explicit subsidy (Consumer)",26197.8620523352
"164",2017,"Russian Federation","Explicit subsidy (Producer)",8577.04045608321
"165",2017,"Russian Federation","Implicit subsidy",237648.80457309
"166",2017,"South Africa","Explicit subsidy (Consumer)",2048.69511872306
"167",2017,"South Africa","Explicit subsidy (Producer)",0.117567614024027
"168",2017,"South Africa","Implicit subsidy",42664.3841830742
"169",2017,"Spain","Explicit subsidy (Consumer)",0
"170",2017,"Spain","Explicit subsidy (Producer)",283.861436968926
"171",2017,"Spain","Implicit subsidy",17410.2575243761
"172",2017,"Turkiye","Explicit subsidy (Consumer)",8085.97875619537
"173",2017,"Turkiye","Explicit subsidy (Producer)",816.34744163401
"174",2017,"Turkiye","Implicit subsidy",49427.5934892975
"175",2017,"United Kingdom","Explicit subsidy (Consumer)",0
"176",2017,"United Kingdom","Explicit subsidy (Producer)",3122.31674131564
"177",2017,"United Kingdom","Implicit subsidy",43882.040822211
"178",2017,"United States","Explicit subsidy (Consumer)",0
"179",2017,"United States","Explicit subsidy (Producer)",774.441562722271
"180",2017,"United States","Implicit subsidy",712533.206839391
"181",2018,"Belgium","Explicit subsidy (Consumer)",0
"182",2018,"Belgium","Explicit subsidy (Producer)",0.0051752201733841
"183",2018,"Belgium","Implicit subsidy",2740.37882378573
"184",2018,"Brazil","Explicit subsidy (Consumer)",481.624503351328
"185",2018,"Brazil","Explicit subsidy (Producer)",2484.74340845338
"186",2018,"Brazil","Implicit subsidy",56363.2443111231
"187",2018,"China","Explicit subsidy (Consumer)",51148.0841611726
"188",2018,"China","Explicit subsidy (Producer)",3204.65199940876
"189",2018,"China","Implicit subsidy",1412125.16114162
"190",2018,"Denmark","Explicit subsidy (Consumer)",1424.65273017251
"191",2018,"Denmark","Explicit subsidy (Producer)",139.465011756281
"192",2018,"Denmark","Implicit subsidy",304.633920271684
"193",2018,"Finland","Explicit subsidy (Consumer)",0
"194",2018,"Finland","Explicit subsidy (Producer)",0.0029663548166193
"195",2018,"Finland","Implicit subsidy",797.034889790393
"196",2018,"France","Explicit subsidy (Consumer)",0
"197",2018,"France","Explicit subsidy (Producer)",195.083319257361
"198",2018,"France","Implicit subsidy",11991.9730333642
"199",2018,"Germany","Explicit subsidy (Consumer)",0
"200",2018,"Germany","Explicit subsidy (Producer)",3099.22908254681
"201",2018,"Germany","Implicit subsidy",69477.2463899204
"202",2018,"India","Explicit subsidy (Consumer)",25135.3872603441
"203",2018,"India","Explicit subsidy (Producer)",24.3377706577119
"204",2018,"India","Implicit subsidy",206109.972242755
"205",2018,"Indonesia","Explicit subsidy (Consumer)",33341.3666441483
"206",2018,"Indonesia","Explicit subsidy (Producer)",274.849522792352
"207",2018,"Indonesia","Implicit subsidy",83362.8730918734
"208",2018,"Ireland","Explicit subsidy (Consumer)",0
"209",2018,"Ireland","Explicit subsidy (Producer)",97.1879003041813
"210",2018,"Ireland","Implicit subsidy",2448.50934607597
"211",2018,"Italy","Explicit subsidy (Consumer)",163.165555061304
"212",2018,"Italy","Explicit subsidy (Producer)",59.0297740058108
"213",2018,"Italy","Implicit subsidy",15646.0043115411
"214",2018,"Japan","Explicit subsidy (Consumer)",19615.1410573346
"215",2018,"Japan","Explicit subsidy (Producer)",738.986988312725
"216",2018,"Japan","Implicit subsidy",186767.192354285
"217",2018,"Luxembourg","Explicit subsidy (Consumer)",440.868884300854
"218",2018,"Luxembourg","Explicit subsidy (Producer)",0.0365640376313986
"219",2018,"Luxembourg","Implicit subsidy",2099.26870391575
"220",2018,"Mexico","Explicit subsidy (Consumer)",5273.61578611958
"221",2018,"Mexico","Explicit subsidy (Producer)",31.063236044928
"222",2018,"Mexico","Implicit subsidy",64110.9549475227
"223",2018,"Russian Federation","Explicit subsidy (Consumer)",45503.6333084215
"224",2018,"Russian Federation","Explicit subsidy (Producer)",15114.688101896
"225",2018,"Russian Federation","Implicit subsidy",281850.41880649
"226",2018,"South Africa","Explicit subsidy (Consumer)",3743.60502631078
"227",2018,"South Africa","Explicit subsidy (Producer)",0.125081279384414
"228",2018,"South Africa","Implicit subsidy",45479.8807345725
"229",2018,"Spain","Explicit subsidy (Consumer)",0
"230",2018,"Spain","Explicit subsidy (Producer)",297.528400704474
"231",2018,"Spain","Implicit subsidy",19278.5546671204
"232",2018,"Turkiye","Explicit subsidy (Consumer)",19553.9412804209
"233",2018,"Turkiye","Explicit subsidy (Producer)",452.104480657058
"234",2018,"Turkiye","Implicit subsidy",58477.4081535634
"235",2018,"United Kingdom","Explicit subsidy (Consumer)",0
"236",2018,"United Kingdom","Explicit subsidy (Producer)",2758.95982549792
"237",2018,"United Kingdom","Implicit subsidy",41166.4497955197
"238",2018,"United States","Explicit subsidy (Consumer)",985.77599064145
"239",2018,"United States","Explicit subsidy (Producer)",1528.48586423125
"240",2018,"United States","Implicit subsidy",749393.387233342
"241",2019,"Belgium","Explicit subsidy (Consumer)",1.0808229118735
"242",2019,"Belgium","Explicit subsidy (Producer)",0.00932539799968098
"243",2019,"Belgium","Implicit subsidy",5041.1716090863
"244",2019,"Brazil","Explicit subsidy (Consumer)",550.324117511068
"245",2019,"Brazil","Explicit subsidy (Producer)",2439.57438164637
"246",2019,"Brazil","Implicit subsidy",56392.9984225225
"247",2019,"China","Explicit subsidy (Consumer)",63518.1560279289
"248",2019,"China","Explicit subsidy (Producer)",3339.03272688783
"249",2019,"China","Implicit subsidy",1503965.46875896
"250",2019,"Denmark","Explicit subsidy (Consumer)",1954.45928310179
"251",2019,"Denmark","Explicit subsidy (Producer)",224.366266203498
"252",2019,"Denmark","Implicit subsidy",1334.11863261323
"253",2019,"Finland","Explicit subsidy (Consumer)",1459.05403163878
"254",2019,"Finland","Explicit subsidy (Producer)",0.0078882742007664
"255",2019,"Finland","Implicit subsidy",686.410699461722
"256",2019,"France","Explicit subsidy (Consumer)",0
"257",2019,"France","Explicit subsidy (Producer)",153.138874310902
"258",2019,"France","Implicit subsidy",21189.1142098597
"259",2019,"Germany","Explicit subsidy (Consumer)",0
"260",2019,"Germany","Explicit subsidy (Producer)",1536.07484217556
"261",2019,"Germany","Implicit subsidy",72003.9243217256
"262",2019,"India","Explicit subsidy (Consumer)",25508.9363701412
"263",2019,"India","Explicit subsidy (Producer)",11.7399296155189
"264",2019,"India","Implicit subsidy",221531.858540926
"265",2019,"Indonesia","Explicit subsidy (Consumer)",29455.5641925262
"266",2019,"Indonesia","Explicit subsidy (Producer)",5131.55965297538
"267",2019,"Indonesia","Implicit subsidy",89265.4412305668
"268",2019,"Ireland","Explicit subsidy (Consumer)",0
"269",2019,"Ireland","Explicit subsidy (Producer)",47.089340498949
"270",2019,"Ireland","Implicit subsidy",3448.9494395247
"271",2019,"Italy","Explicit subsidy (Consumer)",0
"272",2019,"Italy","Explicit subsidy (Producer)",68.1253304321213
"273",2019,"Italy","Implicit subsidy",21038.983161097
"274",2019,"Japan","Explicit subsidy (Consumer)",19599.1023353962
"275",2019,"Japan","Explicit subsidy (Producer)",540.604921197619
"276",2019,"Japan","Implicit subsidy",183332.349103263
"277",2019,"Luxembourg","Explicit subsidy (Consumer)",382.204398929869
"278",2019,"Luxembourg","Explicit subsidy (Producer)",0.0413649933020725
"279",2019,"Luxembourg","Implicit subsidy",2585.84131937314
"280",2019,"Mexico","Explicit subsidy (Consumer)",4446.25965718577
"281",2019,"Mexico","Explicit subsidy (Producer)",1524.80420188028
"282",2019,"Mexico","Implicit subsidy",61165.6867333474
"283",2019,"Russian Federation","Explicit subsidy (Consumer)",32329.1212831315
"284",2019,"Russian Federation","Explicit subsidy (Producer)",22894.7102822403
"285",2019,"Russian Federation","Implicit subsidy",306118.18246596
"286",2019,"South Africa","Explicit subsidy (Consumer)",4465.18213176338
"287",2019,"South Africa","Explicit subsidy (Producer)",0.130172059873024
"288",2019,"South Africa","Implicit subsidy",46917.1719370625
"289",2019,"Spain","Explicit subsidy (Consumer)",0
"290",2019,"Spain","Explicit subsidy (Producer)",275.337620024744
"291",2019,"Spain","Implicit subsidy",19106.3845297488
"292",2019,"Turkiye","Explicit subsidy (Consumer)",5476.94762922182
"293",2019,"Turkiye","Explicit subsidy (Producer)",464.300956482757
"294",2019,"Turkiye","Implicit subsidy",59562.3212469814
"295",2019,"United Kingdom","Explicit subsidy (Consumer)",0
"296",2019,"United Kingdom","Explicit subsidy (Producer)",3097.03100998422
"297",2019,"United Kingdom","Implicit subsidy",38904.5348688169
"298",2019,"United States","Explicit subsidy (Consumer)",0
"299",2019,"United States","Explicit subsidy (Producer)",4237.07379405459
"300",2019,"United States","Implicit subsidy",776635.586933156
"301",2020,"Belgium","Explicit subsidy (Consumer)",0
"302",2020,"Belgium","Explicit subsidy (Producer)",0.00720470399021786
"303",2020,"Belgium","Implicit subsidy",3674.29152685045
"304",2020,"Brazil","Explicit subsidy (Consumer)",237.9074515231
"305",2020,"Brazil","Explicit subsidy (Producer)",1843.60542786177
"306",2020,"Brazil","Implicit subsidy",53625.2680757419
"307",2020,"China","Explicit subsidy (Consumer)",72746.5982718315
"308",2020,"China","Explicit subsidy (Producer)",3591.81027132739
"309",2020,"China","Implicit subsidy",1481506.13263425
"310",2020,"Denmark","Explicit subsidy (Consumer)",2227.50148973824
"311",2020,"Denmark","Explicit subsidy (Producer)",345.279978013325
"312",2020,"Denmark","Implicit subsidy",1464.41754044138
"313",2020,"Finland","Explicit subsidy (Consumer)",1365.46692360471
"314",2020,"Finland","Explicit subsidy (Producer)",0.00722217524820935
"315",2020,"Finland","Implicit subsidy",555.08426381286
"316",2020,"France","Explicit subsidy (Consumer)",0
"317",2020,"France","Explicit subsidy (Producer)",130.373249701987
"318",2020,"France","Implicit subsidy",13456.9153898934
"319",2020,"Germany","Explicit subsidy (Consumer)",0
"320",2020,"Germany","Explicit subsidy (Producer)",2672.2732016743
"321",2020,"Germany","Implicit subsidy",59331.1465709808
"322",2020,"India","Explicit subsidy (Consumer)",22836.234917472
"323",2020,"India","Explicit subsidy (Producer)",6.57679445946688
"324",2020,"India","Implicit subsidy",183062.091381126
"325",2020,"Indonesia","Explicit subsidy (Consumer)",19942.6342874494
"326",2020,"Indonesia","Explicit subsidy (Producer)",5303.17197650526
"327",2020,"Indonesia","Implicit subsidy",76900.8476447668
"328",2020,"Ireland","Explicit subsidy (Consumer)",0
"329",2020,"Ireland","Explicit subsidy (Producer)",25.8992474307246
"330",2020,"Ireland","Implicit subsidy",3305.25776729474
"331",2020,"Italy","Explicit subsidy (Consumer)",0
"332",2020,"Italy","Explicit subsidy (Producer)",11.1967137762895
"333",2020,"Italy","Implicit subsidy",13909.2547874874
"334",2020,"Japan","Explicit subsidy (Consumer)",25654.5221790973
"335",2020,"Japan","Explicit subsidy (Producer)",383.987673758932
"336",2020,"Japan","Implicit subsidy",164858.14999935
"337",2020,"Luxembourg","Explicit subsidy (Consumer)",340.139302962816
"338",2020,"Luxembourg","Explicit subsidy (Producer)",0.0369107654573747
"339",2020,"Luxembourg","Implicit subsidy",2261.25570927331
"340",2020,"Mexico","Explicit subsidy (Consumer)",4136.51601903918
"341",2020,"Mexico","Explicit subsidy (Producer)",4879.82035990783
"342",2020,"Mexico","Implicit subsidy",46770.3283835162
"343",2020,"Russian Federation","Explicit subsidy (Consumer)",29392.0940597281
"344",2020,"Russian Federation","Explicit subsidy (Producer)",10120.4925311844
"345",2020,"Russian Federation","Implicit subsidy",275677.420710918
"346",2020,"South Africa","Explicit subsidy (Consumer)",4460.79434764666
"347",2020,"South Africa","Explicit subsidy (Producer)",0.12856422123211
"348",2020,"South Africa","Implicit subsidy",43068.2436181645
"349",2020,"Spain","Explicit subsidy (Consumer)",0
"350",2020,"Spain","Explicit subsidy (Producer)",225.605971081382
"351",2020,"Spain","Implicit subsidy",10915.1041664307
"352",2020,"Turkiye","Explicit subsidy (Consumer)",4792.04300585981
"353",2020,"Turkiye","Explicit subsidy (Producer)",390.476409723596
"354",2020,"Turkiye","Implicit subsidy",35257.4792768222
"355",2020,"United Kingdom","Explicit subsidy (Consumer)",0
"356",2020,"United Kingdom","Explicit subsidy (Producer)",2021.67560431324
"357",2020,"United Kingdom","Implicit subsidy",23053.3367590512
"358",2020,"United States","Explicit subsidy (Consumer)",0
"359",2020,"United States","Explicit subsidy (Producer)",2565.50733575589
"360",2020,"United States","Implicit subsidy",654742.561374374
"361",2021,"Belgium","Explicit subsidy (Consumer)",818.892938801487
"362",2021,"Belgium","Explicit subsidy (Producer)",0.0129493860061593
"363",2021,"Belgium","Implicit subsidy",6197.50201431497
"364",2021,"Brazil","Explicit subsidy (Consumer)",397.097083430014
"365",2021,"Brazil","Explicit subsidy (Producer)",1682.0771126075
"366",2021,"Brazil","Implicit subsidy",63049.0210035595
"367",2021,"China","Explicit subsidy (Consumer)",103981.550535561
"368",2021,"China","Explicit subsidy (Producer)",2988.893763154
"369",2021,"China","Implicit subsidy",1659122.35358682
"370",2021,"Denmark","Explicit subsidy (Consumer)",2131.62360598963
"371",2021,"Denmark","Explicit subsidy (Producer)",184.604220198451
"372",2021,"Denmark","Implicit subsidy",1554.66927794745
"373",2021,"Finland","Explicit subsidy (Consumer)",1374.60359927504
"374",2021,"Finland","Explicit subsidy (Producer)",0.00608043990161218
"375",2021,"Finland","Implicit subsidy",291.214332206142
"376",2021,"France","Explicit subsidy (Consumer)",0
"377",2021,"France","Explicit subsidy (Producer)",122.695929326079
"378",2021,"France","Implicit subsidy",27664.6328039367
"379",2021,"Germany","Explicit subsidy (Consumer)",0
"380",2021,"Germany","Explicit subsidy (Producer)",621.984811933427
"381",2021,"Germany","Implicit subsidy",62976.162327259
"382",2021,"India","Explicit subsidy (Consumer)",25250.2936607915
"383",2021,"India","Explicit subsidy (Producer)",8.64988981811156
"384",2021,"India","Implicit subsidy",216303.042535271
"385",2021,"Indonesia","Explicit subsidy (Consumer)",36301.3802102875
"386",2021,"Indonesia","Explicit subsidy (Producer)",5252.76136450969
"387",2021,"Indonesia","Implicit subsidy",88767.2114103284
"388",2021,"Ireland","Explicit subsidy (Consumer)",30.2145034703751
"389",2021,"Ireland","Explicit subsidy (Producer)",92.5187563015831
"390",2021,"Ireland","Implicit subsidy",2419.92036522926
"391",2021,"Italy","Explicit subsidy (Consumer)",0
"392",2021,"Italy","Explicit subsidy (Producer)",10.9794425069034
"393",2021,"Italy","Implicit subsidy",26906.792528597
"394",2021,"Japan","Explicit subsidy (Consumer)",32430.7514193978
"395",2021,"Japan","Explicit subsidy (Producer)",740.351833983206
"396",2021,"Japan","Implicit subsidy",190641.38351559
"397",2021,"Luxembourg","Explicit subsidy (Consumer)",439.617365451006
"398",2021,"Luxembourg","Explicit subsidy (Producer)",0.0410914983629845
"399",2021,"Luxembourg","Implicit subsidy",2655.86360218277
"400",2021,"Mexico","Explicit subsidy (Consumer)",6048.70144410024
"401",2021,"Mexico","Explicit subsidy (Producer)",7056.70277276631
"402",2021,"Mexico","Implicit subsidy",62650.5896765638
"403",2021,"Russian Federation","Explicit subsidy (Consumer)",33954.7638356972
"404",2021,"Russian Federation","Explicit subsidy (Producer)",10383.391642651
"405",2021,"Russian Federation","Implicit subsidy",317902.309536655
"406",2021,"South Africa","Explicit subsidy (Consumer)",4564.0202736298
"407",2021,"South Africa","Explicit subsidy (Producer)",0.130821627401512
"408",2021,"South Africa","Implicit subsidy",46175.6537110127
"409",2021,"Spain","Explicit subsidy (Consumer)",1213.34543659542
"410",2021,"Spain","Explicit subsidy (Producer)",236.952721997356
"411",2021,"Spain","Implicit subsidy",19691.9632897843
"412",2021,"Turkiye","Explicit subsidy (Consumer)",25208.0700319295
"413",2021,"Turkiye","Explicit subsidy (Producer)",327.461601745797
"414",2021,"Turkiye","Implicit subsidy",72812.998831047
"415",2021,"United Kingdom","Explicit subsidy (Consumer)",10037.5597287031
"416",2021,"United Kingdom","Explicit subsidy (Producer)",2479.24204502771
"417",2021,"United Kingdom","Implicit subsidy",44057.4240312606
"418",2021,"United States","Explicit subsidy (Consumer)",0
"419",2021,"United States","Explicit subsidy (Producer)",2622.15717093963
"420",2021,"United States","Implicit subsidy",725979.680051715
"421",2022,"Belgium","Explicit subsidy (Consumer)",3722.79649457884
"422",2022,"Belgium","Explicit subsidy (Producer)",0.0225138542083749
"423",2022,"Belgium","Implicit subsidy",8769.06084368288
"424",2022,"Brazil","Explicit subsidy (Consumer)",358.089296665882
"425",2022,"Brazil","Explicit subsidy (Producer)",1747.67677079219
"426",2022,"Brazil","Implicit subsidy",60485.6283550192
"427",2022,"China","Explicit subsidy (Consumer)",241809.819169929
"428",2022,"China","Explicit subsidy (Producer)",3052.72272990959
"429",2022,"China","Implicit subsidy",1784553.60890274
"430",2022,"Denmark","Explicit subsidy (Consumer)",1961.04434111214
"431",2022,"Denmark","Explicit subsidy (Producer)",292.924820200203
"432",2022,"Denmark","Implicit subsidy",2164.40504177021
"433",2022,"Finland","Explicit subsidy (Consumer)",1338.45991888326
"434",2022,"Finland","Explicit subsidy (Producer)",0.00530427827119535
"435",2022,"Finland","Implicit subsidy",145.841331936345
"436",2022,"France","Explicit subsidy (Consumer)",16158.068985221
"437",2022,"France","Explicit subsidy (Producer)",123.518654711026
"438",2022,"France","Implicit subsidy",41843.8241491015
"439",2022,"Germany","Explicit subsidy (Consumer)",38797.5026373211
"440",2022,"Germany","Explicit subsidy (Producer)",608.516540162898
"441",2022,"Germany","Implicit subsidy",77871.8639020238
"442",2022,"India","Explicit subsidy (Consumer)",29008.7378431333
"443",2022,"India","Explicit subsidy (Producer)",8.61404804444495
"444",2022,"India","Implicit subsidy",285318.011245296
"445",2022,"Indonesia","Explicit subsidy (Consumer)",65715.2743661139
"446",2022,"Indonesia","Explicit subsidy (Producer)",5258.51319680796
"447",2022,"Indonesia","Implicit subsidy",105265.686049594
"448",2022,"Ireland","Explicit subsidy (Consumer)",104.27199983576
"449",2022,"Ireland","Explicit subsidy (Producer)",86.5606421190911
"450",2022,"Ireland","Implicit subsidy",2866.66799581095
"451",2022,"Italy","Explicit subsidy (Consumer)",8661.36722528691
"452",2022,"Italy","Explicit subsidy (Producer)",10.6161237804146
"453",2022,"Italy","Implicit subsidy",48847.5813647623
"454",2022,"Japan","Explicit subsidy (Consumer)",30165.9639983701
"455",2022,"Japan","Explicit subsidy (Producer)",699.28522178076
"456",2022,"Japan","Implicit subsidy",250973.895267452
"457",2022,"Luxembourg","Explicit subsidy (Consumer)",518.424349240488
"458",2022,"Luxembourg","Explicit subsidy (Producer)",0.0421390341382488
"459",2022,"Luxembourg","Implicit subsidy",2707.3478123097
"460",2022,"Mexico","Explicit subsidy (Consumer)",5847.11503854117
"461",2022,"Mexico","Explicit subsidy (Producer)",7402.81238834879
"462",2022,"Mexico","Implicit subsidy",75731.9693446398
"463",2022,"Russian Federation","Explicit subsidy (Consumer)",52985.6972079845
"464",2022,"Russian Federation","Explicit subsidy (Producer)",11178.2855654531
"465",2022,"Russian Federation","Implicit subsidy",318437.206637421
"466",2022,"South Africa","Explicit subsidy (Consumer)",4602.96132092739
"467",2022,"South Africa","Explicit subsidy (Producer)",0.139402109611448
"468",2022,"South Africa","Implicit subsidy",50599.0341201693
"469",2022,"Spain","Explicit subsidy (Consumer)",624.4541484497
"470",2022,"Spain","Explicit subsidy (Producer)",250.412497570544
"471",2022,"Spain","Implicit subsidy",22701.193950394
"472",2022,"Turkiye","Explicit subsidy (Consumer)",53318.8704255268
"473",2022,"Turkiye","Explicit subsidy (Producer)",324.719725493444
"474",2022,"Turkiye","Implicit subsidy",84789.6995355501
"475",2022,"United Kingdom","Explicit subsidy (Consumer)",14293.9946400874
"476",2022,"United Kingdom","Explicit subsidy (Producer)",2523.82027777491
"477",2022,"United Kingdom","Implicit subsidy",50353.1466616781
"478",2022,"United States","Explicit subsidy (Consumer)",0
"479",2022,"United States","Explicit subsidy (Producer)",2689.4662728813
"480",2022,"United States","Implicit subsidy",684627.997333101
"481",2023,"Belgium","Explicit subsidy (Consumer)",3328.79208018962
"482",2023,"Belgium","Explicit subsidy (Producer)",0.0201003862029002
"483",2023,"Belgium","Implicit subsidy",7866.39377432197
"484",2023,"Brazil","Explicit subsidy (Consumer)",307.663237827034
"485",2023,"Brazil","Explicit subsidy (Producer)",2065.40210334757
"486",2023,"Brazil","Implicit subsidy",56091.5362820947
"487",2023,"China","Explicit subsidy (Consumer)",86791.5267821087
"488",2023,"China","Explicit subsidy (Producer)",3324.66365092779
"489",2023,"China","Implicit subsidy",1884605.57714535
"490",2023,"Denmark","Explicit subsidy (Consumer)",1937.98659839552
"491",2023,"Denmark","Explicit subsidy (Producer)",243.359763715482
"492",2023,"Denmark","Implicit subsidy",1874.61595153546
"493",2023,"Finland","Explicit subsidy (Consumer)",1399.34555886476
"494",2023,"Finland","Explicit subsidy (Producer)",0.00544485023454227
"495",2023,"Finland","Implicit subsidy",131.405366700995
"496",2023,"France","Explicit subsidy (Consumer)",6136.1904229355
"497",2023,"France","Explicit subsidy (Producer)",145.614625642181
"498",2023,"France","Implicit subsidy",33756.8509346233
"499",2023,"Germany","Explicit subsidy (Consumer)",24626.8394131237
"500",2023,"Germany","Explicit subsidy (Producer)",1410.67735058136
"501",2023,"Germany","Implicit subsidy",77136.6857827517
"502",2023,"India","Explicit subsidy (Consumer)",30908.9126147395
"503",2023,"India","Explicit subsidy (Producer)",12.1266058159968
"504",2023,"India","Implicit subsidy",286273.909128017
"505",2023,"Indonesia","Explicit subsidy (Consumer)",45222.4316266967
"506",2023,"Indonesia","Explicit subsidy (Producer)",4976.38079082501
"507",2023,"Indonesia","Implicit subsidy",111125.02149878
"508",2023,"Ireland","Explicit subsidy (Consumer)",0
"509",2023,"Ireland","Explicit subsidy (Producer)",73.1747073316386
"510",2023,"Ireland","Implicit subsidy",2930.36655940478
"511",2023,"Italy","Explicit subsidy (Consumer)",5515.94196591914
"512",2023,"Italy","Explicit subsidy (Producer)",33.1869004934727
"513",2023,"Italy","Implicit subsidy",36346.2356812867
"514",2023,"Japan","Explicit subsidy (Consumer)",22572.287400696
"515",2023,"Japan","Explicit subsidy (Producer)",576.256968412741
"516",2023,"Japan","Implicit subsidy",220634.988538971
"517",2023,"Luxembourg","Explicit subsidy (Consumer)",509.664274387818
"518",2023,"Luxembourg","Explicit subsidy (Producer)",0.0424240295065327
"519",2023,"Luxembourg","Implicit subsidy",2774.3216303687
"520",2023,"Mexico","Explicit subsidy (Consumer)",4327.91364660152
"521",2023,"Mexico","Explicit subsidy (Producer)",4273.62078122307
"522",2023,"Mexico","Implicit subsidy",65975.8994766639
"523",2023,"Russian Federation","Explicit subsidy (Consumer)",35967.324930221
"524",2023,"Russian Federation","Explicit subsidy (Producer)",14627.2192646849
"525",2023,"Russian Federation","Implicit subsidy",318286.715653157
"526",2023,"South Africa","Explicit subsidy (Consumer)",4378.50896442895
"527",2023,"South Africa","Explicit subsidy (Producer)",0.146659724641405
"528",2023,"South Africa","Implicit subsidy",54336.2814051965
"529",2023,"Spain","Explicit subsidy (Consumer)",3408.26866777367
"530",2023,"Spain","Explicit subsidy (Producer)",263.419557832418
"531",2023,"Spain","Implicit subsidy",22308.7799154746
"532",2023,"Turkiye","Explicit subsidy (Consumer)",23764.9891654812
"533",2023,"Turkiye","Explicit subsidy (Producer)",393.39023608792
"534",2023,"Turkiye","Implicit subsidy",76006.0069033952
"535",2023,"United Kingdom","Explicit subsidy (Consumer)",5790.55159830828
"536",2023,"United Kingdom","Explicit subsidy (Producer)",2671.0847144866
"537",2023,"United Kingdom","Implicit subsidy",44170.1502726356
"538",2023,"United States","Explicit subsidy (Consumer)",0
"539",2023,"United States","Explicit subsidy (Producer)",3095.55207103513
"540",2023,"United States","Implicit subsidy",713980.552315221
"541",2024,"Belgium","Explicit subsidy (Consumer)",2594.6840622025
"542",2024,"Belgium","Explicit subsidy (Producer)",0.0182998815624337
"543",2024,"Belgium","Implicit subsidy",7741.36315525799
"544",2024,"Brazil","Explicit subsidy (Consumer)",296.456662897075
"545",2024,"Brazil","Explicit subsidy (Producer)",2098.177704314
"546",2024,"Brazil","Implicit subsidy",54730.895995236
"547",2024,"China","Explicit subsidy (Consumer)",71342.3183805052
"548",2024,"China","Explicit subsidy (Producer)",3369.1294302812
"549",2024,"China","Implicit subsidy",1951039.24429076
"550",2024,"Denmark","Explicit subsidy (Consumer)",1977.09382221791
"551",2024,"Denmark","Explicit subsidy (Producer)",246.7676883402
"552",2024,"Denmark","Implicit subsidy",1973.26059060743
"553",2024,"Finland","Explicit subsidy (Consumer)",1415.77603487899
"554",2024,"Finland","Explicit subsidy (Producer)",0.00543704482782189
"555",2024,"Finland","Implicit subsidy",129.755849781368
"556",2024,"France","Explicit subsidy (Consumer)",3752.76641964973
"557",2024,"France","Explicit subsidy (Producer)",147.690509132784
"558",2024,"France","Implicit subsidy",32055.8644637439
"559",2024,"Germany","Explicit subsidy (Consumer)",18845.2074596229
"560",2024,"Germany","Explicit subsidy (Producer)",1407.143614955
"561",2024,"Germany","Implicit subsidy",78637.464334457
"562",2024,"India","Explicit subsidy (Consumer)",32819.3468339238
"563",2024,"India","Explicit subsidy (Producer)",12.1396129581838
"564",2024,"India","Implicit subsidy",301424.458176714
"565",2024,"Indonesia","Explicit subsidy (Consumer)",38068.0802353618
"566",2024,"Indonesia","Explicit subsidy (Producer)",4981.10489399304
"567",2024,"Indonesia","Implicit subsidy",119042.08580352
"568",2024,"Ireland","Explicit subsidy (Consumer)",0
"569",2024,"Ireland","Explicit subsidy (Producer)",74.1224804732291
"570",2024,"Ireland","Implicit subsidy",2958.33421745561
"571",2024,"Italy","Explicit subsidy (Consumer)",3775.62203146594
"572",2024,"Italy","Explicit subsidy (Producer)",33.6360095877892
"573",2024,"Italy","Implicit subsidy",32450.3896363498
"574",2024,"Japan","Explicit subsidy (Consumer)",21770.3484758517
"575",2024,"Japan","Explicit subsidy (Producer)",584.005785296958
"576",2024,"Japan","Implicit subsidy",211406.590579151
"577",2024,"Luxembourg","Explicit subsidy (Consumer)",485.158395406371
"578",2024,"Luxembourg","Explicit subsidy (Producer)",0.0437953789764846
"579",2024,"Luxembourg","Implicit subsidy",2991.1825771111
"580",2024,"Mexico","Explicit subsidy (Consumer)",4659.58301908739
"581",2024,"Mexico","Explicit subsidy (Producer)",4340.0237064177
"582",2024,"Mexico","Implicit subsidy",65967.9794424168
"583",2024,"Russian Federation","Explicit subsidy (Consumer)",32105.58750072
"584",2024,"Russian Federation","Explicit subsidy (Producer)",14860.2899863798
"585",2024,"Russian Federation","Implicit subsidy",322380.423137737
"586",2024,"South Africa","Explicit subsidy (Consumer)",4324.00157369003
"587",2024,"South Africa","Explicit subsidy (Producer)",0.151385222009973
"588",2024,"South Africa","Implicit subsidy",57040.1866154048
"589",2024,"Spain","Explicit subsidy (Consumer)",2280.19520781517
"590",2024,"Spain","Explicit subsidy (Producer)",263.286568715695
"591",2024,"Spain","Implicit subsidy",22640.4603483019
"592",2024,"Turkiye","Explicit subsidy (Consumer)",21082.4054358309
"593",2024,"Turkiye","Explicit subsidy (Producer)",395.420820586229
"594",2024,"Turkiye","Implicit subsidy",75325.8005621059
"595",2024,"United Kingdom","Explicit subsidy (Consumer)",4575.35747420269
"596",2024,"United Kingdom","Explicit subsidy (Producer)",2711.61454524072
"597",2024,"United Kingdom","Implicit subsidy",43352.6376601374
"598",2024,"United States","Explicit subsidy (Consumer)",0
"599",2024,"United States","Explicit subsidy (Producer)",3137.4238608547
"600",2024,"United States","Implicit subsidy",728387.228971666
"601",2025,"Belgium","Explicit subsidy (Consumer)",1975.00649199954
"602",2025,"Belgium","Explicit subsidy (Producer)",0.0173208122382744
"603",2025,"Belgium","Implicit subsidy",7923.53244225787
"604",2025,"Brazil","Explicit subsidy (Consumer)",307.737158717771
"605",2025,"Brazil","Explicit subsidy (Producer)",2130.95408353611
"606",2025,"Brazil","Implicit subsidy",54925.0330134128
"607",2025,"China","Explicit subsidy (Consumer)",69641.2337458189
"608",2025,"China","Explicit subsidy (Producer)",3423.6039464091
"609",2025,"China","Implicit subsidy",2086291.97331734
"610",2025,"Denmark","Explicit subsidy (Consumer)",2042.21162412961
"611",2025,"Denmark","Explicit subsidy (Producer)",250.175682791565
"612",2025,"Denmark","Implicit subsidy",2072.5956454223
"613",2025,"Finland","Explicit subsidy (Consumer)",1381.96826704327
"614",2025,"Finland","Explicit subsidy (Producer)",0.00529098527894154
"615",2025,"Finland","Implicit subsidy",141.79209551953
"616",2025,"France","Explicit subsidy (Consumer)",2454.31522016486
"617",2025,"France","Explicit subsidy (Producer)",149.767306407981
"618",2025,"France","Implicit subsidy",31869.318162888
"619",2025,"Germany","Explicit subsidy (Consumer)",13811.194984724
"620",2025,"Germany","Explicit subsidy (Producer)",1404.13871285213
"621",2025,"Germany","Implicit subsidy",81487.1462778689
"622",2025,"India","Explicit subsidy (Consumer)",34845.9973628905
"623",2025,"India","Explicit subsidy (Producer)",12.2520759792105
"624",2025,"India","Implicit subsidy",340945.131989046
"625",2025,"Indonesia","Explicit subsidy (Consumer)",37450.442864214
"626",2025,"Indonesia","Explicit subsidy (Producer)",4994.71075754679
"627",2025,"Indonesia","Implicit subsidy",132705.97685347
"628",2025,"Ireland","Explicit subsidy (Consumer)",0
"629",2025,"Ireland","Explicit subsidy (Producer)",75.0701166415901
"630",2025,"Ireland","Implicit subsidy",2875.44556171427
"631",2025,"Italy","Explicit subsidy (Consumer)",2245.66645138747
"632",2025,"Italy","Explicit subsidy (Producer)",34.0864905351358
"633",2025,"Italy","Implicit subsidy",30989.8430424633
"634",2025,"Japan","Explicit subsidy (Consumer)",21728.1888087917
"635",2025,"Japan","Explicit subsidy (Producer)",591.757273400149
"636",2025,"Japan","Implicit subsidy",213606.583724097
"637",2025,"Luxembourg","Explicit subsidy (Consumer)",464.949585600194
"638",2025,"Luxembourg","Explicit subsidy (Producer)",0.0441670008311456
"639",2025,"Luxembourg","Implicit subsidy",3127.50102723312
"640",2025,"Mexico","Explicit subsidy (Consumer)",4806.13393271033
"641",2025,"Mexico","Explicit subsidy (Producer)",4406.42786870559
"642",2025,"Mexico","Implicit subsidy",67921.4119698322
"643",2025,"Russian Federation","Explicit subsidy (Consumer)",31328.4096163508
"644",2025,"Russian Federation","Explicit subsidy (Producer)",15093.306184769
"645",2025,"Russian Federation","Implicit subsidy",328439.544016082
"646",2025,"South Africa","Explicit subsidy (Consumer)",4362.10649359863
"647",2025,"South Africa","Explicit subsidy (Producer)",0.16442968399943
"648",2025,"South Africa","Implicit subsidy",63222.8247392853
"649",2025,"Spain","Explicit subsidy (Consumer)",1278.83052276284
"650",2025,"Spain","Explicit subsidy (Producer)",268.107860729494
"651",2025,"Spain","Implicit subsidy",23224.6094977954
"652",2025,"Turkiye","Explicit subsidy (Consumer)",19102.4575681143
"653",2025,"Turkiye","Explicit subsidy (Producer)",397.508429368992
"654",2025,"Turkiye","Implicit subsidy",79325.7739160051
"655",2025,"United Kingdom","Explicit subsidy (Consumer)",3576.05889881535
"656",2025,"United Kingdom","Explicit subsidy (Producer)",2752.14531552138
"657",2025,"United Kingdom","Implicit subsidy",45981.1623050987
"658",2025,"United States","Explicit subsidy (Consumer)",0
"659",2025,"United States","Explicit subsidy (Producer)",3179.66013955002
"660",2025,"United States","Implicit subsidy",750318.688972851
"661",2026,"Belgium","Explicit subsidy (Consumer)",1443.49714626909
"662",2026,"Belgium","Explicit subsidy (Producer)",0.0167140916467518
"663",2026,"Belgium","Implicit subsidy",8226.98925596416
"664",2026,"Brazil","Explicit subsidy (Consumer)",321.241609386841
"665",2026,"Brazil","Explicit subsidy (Producer)",2163.73042701059
"666",2026,"Brazil","Implicit subsidy",55008.0576364863
"667",2026,"China","Explicit subsidy (Consumer)",68969.7282995131
"668",2026,"China","Explicit subsidy (Producer)",3468.92119312216
"669",2026,"China","Implicit subsidy",2188518.04185213
"670",2026,"Denmark","Explicit subsidy (Consumer)",2082.03712564416
"671",2026,"Denmark","Explicit subsidy (Producer)",253.583872137621
"672",2026,"Denmark","Implicit subsidy",2278.95769982525
"673",2026,"Finland","Explicit subsidy (Consumer)",1387.76379863173
"674",2026,"Finland","Explicit subsidy (Producer)",0.00527874267964891
"675",2026,"Finland","Implicit subsidy",153.073375440309
"676",2026,"France","Explicit subsidy (Consumer)",1367.19517126494
"677",2026,"France","Explicit subsidy (Producer)",151.844421992026
"678",2026,"France","Implicit subsidy",32295.5476950058
"679",2026,"Germany","Explicit subsidy (Consumer)",9662.404394421
"680",2026,"Germany","Explicit subsidy (Producer)",1400.76135668651
"681",2026,"Germany","Implicit subsidy",83575.9440460327
"682",2026,"India","Explicit subsidy (Consumer)",37272.7572078731
"683",2026,"India","Explicit subsidy (Producer)",12.3118027837226
"684",2026,"India","Implicit subsidy",375964.326017827
"685",2026,"Indonesia","Explicit subsidy (Consumer)",36874.7147559622
"686",2026,"Indonesia","Explicit subsidy (Producer)",4992.99605508868
"687",2026,"Indonesia","Implicit subsidy",140488.304409371
"688",2026,"Ireland","Explicit subsidy (Consumer)",0
"689",2026,"Ireland","Explicit subsidy (Producer)",76.0178690863309
"690",2026,"Ireland","Implicit subsidy",2853.84668072971
"691",2026,"Italy","Explicit subsidy (Consumer)",934.57127650661
"692",2026,"Italy","Explicit subsidy (Producer)",34.5374520424404
"693",2026,"Italy","Implicit subsidy",30252.4914174985
"694",2026,"Japan","Explicit subsidy (Consumer)",22132.9624667177
"695",2026,"Japan","Explicit subsidy (Producer)",599.508706258005
"696",2026,"Japan","Implicit subsidy",214011.402289812
"697",2026,"Luxembourg","Explicit subsidy (Consumer)",452.554779565189
"698",2026,"Luxembourg","Explicit subsidy (Producer)",0.0449733602604582
"699",2026,"Luxembourg","Implicit subsidy",3297.35082736014
"700",2026,"Mexico","Explicit subsidy (Consumer)",4905.49061932553
"701",2026,"Mexico","Explicit subsidy (Producer)",4472.83175417639
"702",2026,"Mexico","Implicit subsidy",69609.2056623619
"703",2026,"Russian Federation","Explicit subsidy (Consumer)",31577.1519760145
"704",2026,"Russian Federation","Explicit subsidy (Producer)",15326.3019941268
"705",2026,"Russian Federation","Implicit subsidy",331955.842117944
"706",2026,"South Africa","Explicit subsidy (Consumer)",4436.60251544138
"707",2026,"South Africa","Explicit subsidy (Producer)",0.167070002864504
"708",2026,"South Africa","Implicit subsidy",65195.0551674388
"709",2026,"Spain","Explicit subsidy (Consumer)",417.29351569068
"710",2026,"Spain","Explicit subsidy (Producer)",270.793243828554
"711",2026,"Spain","Implicit subsidy",23483.7318012803
"712",2026,"Turkiye","Explicit subsidy (Consumer)",17134.4089600193
"713",2026,"Turkiye","Explicit subsidy (Producer)",399.500504551342
"714",2026,"Turkiye","Implicit subsidy",82616.6078169484
"715",2026,"United Kingdom","Explicit subsidy (Consumer)",2755.27496131313
"716",2026,"United Kingdom","Explicit subsidy (Producer)",2792.67574891868
"717",2026,"United Kingdom","Implicit subsidy",47368.548071456
"718",2026,"United States","Explicit subsidy (Consumer)",0
"719",2026,"United States","Explicit subsidy (Producer)",3221.22749421834
"720",2026,"United States","Implicit subsidy",769456.409848655
"721",2027,"Belgium","Explicit subsidy (Consumer)",1233.63131602154
"722",2027,"Belgium","Explicit subsidy (Producer)",0.0166383266704897
"723",2027,"Belgium","Implicit subsidy",8512.62362721751
"724",2027,"Brazil","Explicit subsidy (Consumer)",337.454339227448
"725",2027,"Brazil","Explicit subsidy (Producer)",2196.50680093976
"726",2027,"Brazil","Implicit subsidy",55119.293883215
"727",2027,"China","Explicit subsidy (Consumer)",70500.6901617917
"728",2027,"China","Explicit subsidy (Producer)",3511.45019654008
"729",2027,"China","Implicit subsidy",2284649.51922104
"730",2027,"Denmark","Explicit subsidy (Consumer)",2165.00931504892
"731",2027,"Denmark","Explicit subsidy (Producer)",256.992185883414
"732",2027,"Denmark","Implicit subsidy",2499.79318287344
"733",2027,"Finland","Explicit subsidy (Consumer)",1407.57982991249
"734",2027,"Finland","Explicit subsidy (Producer)",0.00531235339101429
"735",2027,"Finland","Implicit subsidy",164.081623481473
"736",2027,"France","Explicit subsidy (Consumer)",867.562751977444
"737",2027,"France","Explicit subsidy (Producer)",153.922018323726
"738",2027,"France","Implicit subsidy",33493.5494366228
"739",2027,"Germany","Explicit subsidy (Consumer)",7764.11109804998
"740",2027,"Germany","Explicit subsidy (Producer)",1397.43498414164
"741",2027,"Germany","Implicit subsidy",85394.762223027
"742",2027,"India","Explicit subsidy (Consumer)",40993.4161440435
"743",2027,"India","Explicit subsidy (Producer)",12.3553775134869
"744",2027,"India","Implicit subsidy",412775.985456417
"745",2027,"Indonesia","Explicit subsidy (Consumer)",37154.4114735719
"746",2027,"Indonesia","Explicit subsidy (Producer)",4989.65729477334
"747",2027,"Indonesia","Implicit subsidy",148587.778934103
"748",2027,"Ireland","Explicit subsidy (Consumer)",0
"749",2027,"Ireland","Explicit subsidy (Producer)",76.9657484926298
"750",2027,"Ireland","Implicit subsidy",2906.02431885228
"751",2027,"Italy","Explicit subsidy (Consumer)",343.412918493855
"752",2027,"Italy","Explicit subsidy (Producer)",34.9891044731531
"753",2027,"Italy","Implicit subsidy",30220.817580122
"754",2027,"Japan","Explicit subsidy (Consumer)",23267.9879048864
"755",2027,"Japan","Explicit subsidy (Producer)",607.260514514935
"756",2027,"Japan","Implicit subsidy",215558.196170188
"757",2027,"Luxembourg","Explicit subsidy (Consumer)",459.816341908402
"758",2027,"Luxembourg","Explicit subsidy (Producer)",0.0458600549161436
"759",2027,"Luxembourg","Implicit subsidy",3460.07426566366
"760",2027,"Mexico","Explicit subsidy (Consumer)",4993.26318170501
"761",2027,"Mexico","Explicit subsidy (Producer)",4539.23577147546
"762",2027,"Mexico","Implicit subsidy",71497.2019751336
"763",2027,"Russian Federation","Explicit subsidy (Consumer)",32723.2075106425
"764",2027,"Russian Federation","Explicit subsidy (Producer)",15559.2877970747
"765",2027,"Russian Federation","Implicit subsidy",333576.595332811
"766",2027,"South Africa","Explicit subsidy (Consumer)",4575.15989082311
"767",2027,"South Africa","Explicit subsidy (Producer)",0.169023705278282
"768",2027,"South Africa","Implicit subsidy",66856.9975990984
"769",2027,"Spain","Explicit subsidy (Consumer)",17.3003435656083
"770",2027,"Spain","Explicit subsidy (Producer)",273.994098649003
"771",2027,"Spain","Implicit subsidy",23674.0717874235
"772",2027,"Turkiye","Explicit subsidy (Consumer)",16311.4687159676
"773",2027,"Turkiye","Explicit subsidy (Producer)",401.456196697455
"774",2027,"Turkiye","Implicit subsidy",86063.0091731056
"775",2027,"United Kingdom","Explicit subsidy (Consumer)",2373.23857616458
"776",2027,"United Kingdom","Explicit subsidy (Producer)",2833.20638462839
"777",2027,"United Kingdom","Implicit subsidy",48880.2006378294
"778",2027,"United States","Explicit subsidy (Consumer)",0
"779",2027,"United States","Explicit subsidy (Producer)",3262.48158510496
"780",2027,"United States","Implicit subsidy",786886.207568984
"781",2028,"Belgium","Explicit subsidy (Consumer)",1050.79492551015
"782",2028,"Belgium","Explicit subsidy (Producer)",0.0165894606910878
"783",2028,"Belgium","Implicit subsidy",8787.56529399388
"784",2028,"Brazil","Explicit subsidy (Consumer)",353.178578456833
"785",2028,"Brazil","Explicit subsidy (Producer)",2229.28320157739
"786",2028,"Brazil","Implicit subsidy",55252.8539909527
"787",2028,"China","Explicit subsidy (Consumer)",71065.1659150062
"788",2028,"China","Explicit subsidy (Producer)",3553.24797681709
"789",2028,"China","Implicit subsidy",2379257.62154306
"790",2028,"Denmark","Explicit subsidy (Consumer)",2199.60667921252
"791",2028,"Denmark","Explicit subsidy (Producer)",260.400388557485
"792",2028,"Denmark","Implicit subsidy",2733.08124721376
"793",2028,"Finland","Explicit subsidy (Consumer)",1425.42903437572
"794",2028,"Finland","Explicit subsidy (Producer)",0.00535358057576849
"795",2028,"Finland","Implicit subsidy",179.892823392877
"796",2028,"France","Explicit subsidy (Consumer)",401.618982988383
"797",2028,"France","Explicit subsidy (Producer)",155.999651762526
"798",2028,"France","Implicit subsidy",34729.0664965935
"799",2028,"Germany","Explicit subsidy (Consumer)",5959.16990393205
"800",2028,"Germany","Explicit subsidy (Producer)",1394.03159710043
"801",2028,"Germany","Implicit subsidy",86768.134616762
"802",2028,"India","Explicit subsidy (Consumer)",43757.9938767513
"803",2028,"India","Explicit subsidy (Producer)",12.388371483023
"804",2028,"India","Implicit subsidy",449323.696390923
"805",2028,"Indonesia","Explicit subsidy (Consumer)",37132.1008951551
"806",2028,"Indonesia","Explicit subsidy (Producer)",4986.11432271505
"807",2028,"Indonesia","Implicit subsidy",156741.285875711
"808",2028,"Ireland","Explicit subsidy (Consumer)",0
"809",2028,"Ireland","Explicit subsidy (Producer)",77.9136239231409
"810",2028,"Ireland","Implicit subsidy",2955.67815480843
"811",2028,"Italy","Explicit subsidy (Consumer)",0
"812",2028,"Italy","Explicit subsidy (Producer)",35.4407621572504
"813",2028,"Italy","Implicit subsidy",29929.065809312
"814",2028,"Japan","Explicit subsidy (Consumer)",24068.4561121969
"815",2028,"Japan","Explicit subsidy (Producer)",615.012308982795
"816",2028,"Japan","Implicit subsidy",217389.741307162
"817",2028,"Luxembourg","Explicit subsidy (Consumer)",462.704607042814
"818",2028,"Luxembourg","Explicit subsidy (Producer)",0.0466344817025613
"819",2028,"Luxembourg","Implicit subsidy",3623.5096517827
"820",2028,"Mexico","Explicit subsidy (Consumer)",5058.53875253902
"821",2028,"Mexico","Explicit subsidy (Producer)",4605.63972853622
"822",2028,"Mexico","Implicit subsidy",73354.9425679612
"823",2028,"Russian Federation","Explicit subsidy (Consumer)",33288.2213054499
"824",2028,"Russian Federation","Explicit subsidy (Producer)",15792.2756155238
"825",2028,"Russian Federation","Implicit subsidy",334885.013807335
"826",2028,"South Africa","Explicit subsidy (Consumer)",4540.96077654519
"827",2028,"South Africa","Explicit subsidy (Producer)",0.169906201648826
"828",2028,"South Africa","Implicit subsidy",68269.4191116349
"829",2028,"Spain","Explicit subsidy (Consumer)",0
"830",2028,"Spain","Explicit subsidy (Producer)",275.361723570291
"831",2028,"Spain","Implicit subsidy",23547.4440676321
"832",2028,"Turkiye","Explicit subsidy (Consumer)",15795.43018136
"833",2028,"Turkiye","Explicit subsidy (Producer)",403.407762749862
"834",2028,"Turkiye","Implicit subsidy",89612.7069782072
"835",2028,"United Kingdom","Explicit subsidy (Consumer)",2021.50180300468
"836",2028,"United Kingdom","Explicit subsidy (Producer)",2873.73703183228
"837",2028,"United Kingdom","Implicit subsidy",50347.2458343102
"838",2028,"United States","Explicit subsidy (Consumer)",0
"839",2028,"United States","Explicit subsidy (Producer)",3303.54517113476
"840",2028,"United States","Implicit subsidy",802909.237452882
"841",2029,"Belgium","Explicit subsidy (Consumer)",953.0397009663
"842",2029,"Belgium","Explicit subsidy (Producer)",0.0167268625456833
"843",2029,"Belgium","Implicit subsidy",9090.05461569838
"844",2029,"Brazil","Explicit subsidy (Consumer)",365.282838129443
"845",2029,"Brazil","Explicit subsidy (Producer)",2262.05964322953
"846",2029,"Brazil","Implicit subsidy",55449.9367437785
"847",2029,"China","Explicit subsidy (Consumer)",71699.6522176086
"848",2029,"China","Explicit subsidy (Producer)",3594.83977228548
"849",2029,"China","Implicit subsidy",2476132.14010204
"850",2029,"Denmark","Explicit subsidy (Consumer)",2225.96204453895
"851",2029,"Denmark","Explicit subsidy (Producer)",263.808589105589
"852",2029,"Denmark","Implicit subsidy",2981.90209317409
"853",2029,"Finland","Explicit subsidy (Consumer)",1444.05343634863
"854",2029,"Finland","Explicit subsidy (Producer)",0.00541320334064194
"855",2029,"Finland","Implicit subsidy",201.144106846887
"856",2029,"France","Explicit subsidy (Consumer)",151.729063288548
"857",2029,"France","Explicit subsidy (Producer)",158.077417381729
"858",2029,"France","Implicit subsidy",36113.1495270537
"859",2029,"Germany","Explicit subsidy (Consumer)",4983.72041433109
"860",2029,"Germany","Explicit subsidy (Producer)",1390.7082080863
"861",2029,"Germany","Implicit subsidy",87976.1063979728
"862",2029,"India","Explicit subsidy (Consumer)",45796.1521218896
"863",2029,"India","Explicit subsidy (Producer)",12.419872950056
"864",2029,"India","Implicit subsidy",486089.934721187
"865",2029,"Indonesia","Explicit subsidy (Consumer)",37503.4253374259
"866",2029,"Indonesia","Explicit subsidy (Producer)",4982.43913068554
"867",2029,"Indonesia","Implicit subsidy",164985.030964511
"868",2029,"Ireland","Explicit subsidy (Consumer)",0
"869",2029,"Ireland","Explicit subsidy (Producer)",78.8615379060144
"870",2029,"Ireland","Implicit subsidy",3030.31593206309
"871",2029,"Italy","Explicit subsidy (Consumer)",0
"872",2029,"Italy","Explicit subsidy (Producer)",35.8926362234915
"873",2029,"Italy","Implicit subsidy",29743.4903549467
"874",2029,"Japan","Explicit subsidy (Consumer)",24484.3532838813
"875",2029,"Japan","Explicit subsidy (Producer)",622.764049227114
"876",2029,"Japan","Implicit subsidy",219346.863228622
"877",2029,"Luxembourg","Explicit subsidy (Consumer)",464.409718888954
"878",2029,"Luxembourg","Explicit subsidy (Producer)",0.0474356788331885
"879",2029,"Luxembourg","Implicit subsidy",3796.39776895342
"880",2029,"Mexico","Explicit subsidy (Consumer)",5115.92599851294
"881",2029,"Mexico","Explicit subsidy (Producer)",4672.04357217362
"882",2029,"Mexico","Implicit subsidy",75091.296926574
"883",2029,"Russian Federation","Explicit subsidy (Consumer)",33458.2143004013
"884",2029,"Russian Federation","Explicit subsidy (Producer)",16025.2661270185
"885",2029,"Russian Federation","Implicit subsidy",335165.62791033
"886",2029,"South Africa","Explicit subsidy (Consumer)",4354.11415628785
"887",2029,"South Africa","Explicit subsidy (Producer)",0.170343487634257
"888",2029,"South Africa","Implicit subsidy",69665.5826144116
"889",2029,"Spain","Explicit subsidy (Consumer)",0
"890",2029,"Spain","Explicit subsidy (Producer)",276.658800646278
"891",2029,"Spain","Implicit subsidy",23636.1088548694
"892",2029,"Turkiye","Explicit subsidy (Consumer)",15506.0854657095
"893",2029,"Turkiye","Explicit subsidy (Producer)",405.357633852889
"894",2029,"Turkiye","Implicit subsidy",93268.3534660584
"895",2029,"United Kingdom","Explicit subsidy (Consumer)",1831.76621330554
"896",2029,"United Kingdom","Explicit subsidy (Producer)",2914.26774790811
"897",2029,"United Kingdom","Implicit subsidy",51821.873205373
"898",2029,"United States","Explicit subsidy (Consumer)",0
"899",2029,"United States","Explicit subsidy (Producer)",3344.59048623726
"900",2029,"United States","Implicit subsidy",818931.826350729
"901",2030,"Belgium","Explicit subsidy (Consumer)",857.806992400367
"902",2030,"Belgium","Explicit subsidy (Producer)",0.0168744552771654
"903",2030,"Belgium","Implicit subsidy",9399.78741705472
"904",2030,"Brazil","Explicit subsidy (Consumer)",377.404836229126
"905",2030,"Brazil","Explicit subsidy (Producer)",2294.83609816415
"906",2030,"Brazil","Implicit subsidy",55644.6460123895
"907",2030,"China","Explicit subsidy (Consumer)",72372.4998834349
"908",2030,"China","Explicit subsidy (Producer)",3636.37419939186
"909",2030,"China","Implicit subsidy",2574321.536587
"910",2030,"Denmark","Explicit subsidy (Consumer)",2262.2525817132
"911",2030,"Denmark","Explicit subsidy (Producer)",267.216811334296
"912",2030,"Denmark","Implicit subsidy",3238.32535123535
"913",2030,"Finland","Explicit subsidy (Consumer)",1459.38178632683
"914",2030,"Finland","Explicit subsidy (Producer)",0.00546011864203571
"915",2030,"Finland","Implicit subsidy",222.564663216198
"916",2030,"France","Explicit subsidy (Consumer)",0
"917",2030,"France","Explicit subsidy (Producer)",160.155183517811
"918",2030,"France","Implicit subsidy",37363.4309374726
"919",2030,"Germany","Explicit subsidy (Consumer)",4001.69307793119
"920",2030,"Germany","Explicit subsidy (Producer)",1387.84522313207
"921",2030,"Germany","Implicit subsidy",89341.6572113075
"922",2030,"India","Explicit subsidy (Consumer)",48133.959382666
"923",2030,"India","Explicit subsidy (Producer)",12.4553386955166
"924",2030,"India","Implicit subsidy",524678.518250557
"925",2030,"Indonesia","Explicit subsidy (Consumer)",37855.7075862086
"926",2030,"Indonesia","Explicit subsidy (Producer)",4978.67516874585
"927",2030,"Indonesia","Implicit subsidy",173372.075301794
"928",2030,"Ireland","Explicit subsidy (Consumer)",0
"929",2030,"Ireland","Explicit subsidy (Producer)",79.8094497105416
"930",2030,"Ireland","Implicit subsidy",3104.72578006568
"931",2030,"Italy","Explicit subsidy (Consumer)",0
"932",2030,"Italy","Explicit subsidy (Producer)",36.3445444739071
"933",2030,"Italy","Implicit subsidy",29619.4306538227
"934",2030,"Japan","Explicit subsidy (Consumer)",24659.0637776026
"935",2030,"Japan","Explicit subsidy (Producer)",630.515772758142
"936",2030,"Japan","Implicit subsidy",221477.056934822
"937",2030,"Luxembourg","Explicit subsidy (Consumer)",469.960002470242
"938",2030,"Luxembourg","Explicit subsidy (Producer)",0.0481974384946413
"939",2030,"Luxembourg","Implicit subsidy",3968.00706921852
"940",2030,"Mexico","Explicit subsidy (Consumer)",5178.39429946235
"941",2030,"Mexico","Explicit subsidy (Producer)",4738.44739840151
"942",2030,"Mexico","Implicit subsidy",76814.2242896582
"943",2030,"Russian Federation","Explicit subsidy (Consumer)",33846.6060387777
"944",2030,"Russian Federation","Explicit subsidy (Producer)",16258.3019662591
"945",2030,"Russian Federation","Implicit subsidy",339363.410061939
"946",2030,"South Africa","Explicit subsidy (Consumer)",4383.1137256726
"947",2030,"South Africa","Explicit subsidy (Producer)",0.171517298456952
"948",2030,"South Africa","Implicit subsidy",71190.0903729399
"949",2030,"Spain","Explicit subsidy (Consumer)",0
"950",2030,"Spain","Explicit subsidy (Producer)",277.865572152646
"951",2030,"Spain","Implicit subsidy",23757.092462025
"952",2030,"Turkiye","Explicit subsidy (Consumer)",15227.5609635156
"953",2030,"Turkiye","Explicit subsidy (Producer)",407.315470898273
"954",2030,"Turkiye","Implicit subsidy",97224.921948093
"955",2030,"United Kingdom","Explicit subsidy (Consumer)",1647.03919168998
"956",2030,"United Kingdom","Explicit subsidy (Producer)",2954.79846187043
"957",2030,"United Kingdom","Implicit subsidy",53230.5894197687
"958",2030,"United States","Explicit subsidy (Consumer)",0
"959",2030,"United States","Explicit subsidy (Producer)",3386.1370303009
"960",2030,"United States","Implicit subsidy",838896.033479164
"961",2015,"Other HICs","Explicit subsidy (Consumer)",37092.2566270262
"962",2015,"Other HICs","Explicit subsidy (Producer)",2517.85407515391
"963",2015,"Other HICs","Implicit subsidy",221091.031533665
"964",2015,"Other LICs","Explicit subsidy (Consumer)",2770.3725723205
"965",2015,"Other LICs","Explicit subsidy (Producer)",0.322545182365049
"966",2015,"Other LICs","Implicit subsidy",5067.50751459968
"967",2015,"Other LMICs","Explicit subsidy (Consumer)",73542.1464814475
"968",2015,"Other LMICs","Explicit subsidy (Producer)",84.8709644888209
"969",2015,"Other LMICs","Implicit subsidy",225666.039420606
"970",2015,"Other UMICs","Explicit subsidy (Consumer)",61647.1344374031
"971",2015,"Other UMICs","Explicit subsidy (Producer)",6531.42717041824
"972",2015,"Other UMICs","Implicit subsidy",231948.909959553
"973",2016,"Other HICs","Explicit subsidy (Consumer)",31197.9728507328
"974",2016,"Other HICs","Explicit subsidy (Producer)",6839.28815401945
"975",2016,"Other HICs","Implicit subsidy",226221.992744617
"976",2016,"Other LICs","Explicit subsidy (Consumer)",3337.25735675427
"977",2016,"Other LICs","Explicit subsidy (Producer)",0.362113698987132
"978",2016,"Other LICs","Implicit subsidy",5639.90731268142
"979",2016,"Other LMICs","Explicit subsidy (Consumer)",52262.936391541
"980",2016,"Other LMICs","Explicit subsidy (Producer)",83.7316132701455
"981",2016,"Other LMICs","Implicit subsidy",239951.82441525
"982",2016,"Other UMICs","Explicit subsidy (Consumer)",33739.1954757798
"983",2016,"Other UMICs","Explicit subsidy (Producer)",7383.79157405185
"984",2016,"Other UMICs","Implicit subsidy",241070.836298364
"985",2017,"Other HICs","Explicit subsidy (Consumer)",33229.4935867219
"986",2017,"Other HICs","Explicit subsidy (Producer)",7367.15971791193
"987",2017,"Other HICs","Implicit subsidy",237620.150670745
"988",2017,"Other LICs","Explicit subsidy (Consumer)",4819.98897410105
"989",2017,"Other LICs","Explicit subsidy (Producer)",0.434702915110979
"990",2017,"Other LICs","Implicit subsidy",8170.78216756535
"991",2017,"Other LMICs","Explicit subsidy (Consumer)",88083.6463747932
"992",2017,"Other LMICs","Explicit subsidy (Producer)",100.66892010681
"993",2017,"Other LMICs","Implicit subsidy",271892.809146886
"994",2017,"Other UMICs","Explicit subsidy (Consumer)",34930.6354163666
"995",2017,"Other UMICs","Explicit subsidy (Producer)",4324.29710840122
"996",2017,"Other UMICs","Implicit subsidy",244569.805578973
"997",2018,"Other HICs","Explicit subsidy (Consumer)",42272.6737152054
"998",2018,"Other HICs","Explicit subsidy (Producer)",6557.67761842809
"999",2018,"Other HICs","Implicit subsidy",258887.579090039
"1000",2018,"Other LICs","Explicit subsidy (Consumer)",5832.202435671
"1001",2018,"Other LICs","Explicit subsidy (Producer)",0.523912568560847
"1002",2018,"Other LICs","Implicit subsidy",9088.46771772569
"1003",2018,"Other LMICs","Explicit subsidy (Consumer)",127103.771400249
"1004",2018,"Other LMICs","Explicit subsidy (Producer)",142.956360468411
"1005",2018,"Other LMICs","Implicit subsidy",296453.425747004
"1006",2018,"Other UMICs","Explicit subsidy (Consumer)",56960.0180120632
"1007",2018,"Other UMICs","Explicit subsidy (Producer)",3482.21365371804
"1008",2018,"Other UMICs","Implicit subsidy",261912.337367421
"1009",2019,"Other HICs","Explicit subsidy (Consumer)",38304.9789969382
"1010",2019,"Other HICs","Explicit subsidy (Producer)",6823.07621878136
"1011",2019,"Other HICs","Implicit subsidy",286796.327124623
"1012",2019,"Other LICs","Explicit subsidy (Consumer)",6023.84298506423
"1013",2019,"Other LICs","Explicit subsidy (Producer)",0.587294322099771
"1014",2019,"Other LICs","Implicit subsidy",9979.16779073099
"1015",2019,"Other LMICs","Explicit subsidy (Consumer)",106400.911385278
"1016",2019,"Other LMICs","Explicit subsidy (Producer)",167.661779114623
"1017",2019,"Other LMICs","Implicit subsidy",318022.705513551
"1018",2019,"Other UMICs","Explicit subsidy (Consumer)",50175.1218013762
"1019",2019,"Other UMICs","Explicit subsidy (Producer)",3308.03589726712
"1020",2019,"Other UMICs","Implicit subsidy",271286.928055429
"1021",2020,"Other HICs","Explicit subsidy (Consumer)",38323.775203697
"1022",2020,"Other HICs","Explicit subsidy (Producer)",6422.90782879623
"1023",2020,"Other HICs","Implicit subsidy",234566.392529225
"1024",2020,"Other LICs","Explicit subsidy (Consumer)",5535.43912898218
"1025",2020,"Other LICs","Explicit subsidy (Producer)",0.535374645349666
"1026",2020,"Other LICs","Implicit subsidy",8679.20035842477
"1027",2020,"Other LMICs","Explicit subsidy (Consumer)",85381.3776969254
"1028",2020,"Other LMICs","Explicit subsidy (Producer)",317.620091282706
"1029",2020,"Other LMICs","Implicit subsidy",300075.255621787
"1030",2020,"Other UMICs","Explicit subsidy (Consumer)",40591.0270064083
"1031",2020,"Other UMICs","Explicit subsidy (Producer)",2620.2992074599
"1032",2020,"Other UMICs","Implicit subsidy",238907.116011419
"1033",2021,"Other HICs","Explicit subsidy (Consumer)",57478.575045895
"1034",2021,"Other HICs","Explicit subsidy (Producer)",6809.6675403496
"1035",2021,"Other HICs","Implicit subsidy",282479.216053427
"1036",2021,"Other LICs","Explicit subsidy (Consumer)",7233.45839195625
"1037",2021,"Other LICs","Explicit subsidy (Producer)",0.689503489433818
"1038",2021,"Other LICs","Implicit subsidy",11404.3285125287
"1039",2021,"Other LMICs","Explicit subsidy (Consumer)",123256.452675473
"1040",2021,"Other LMICs","Explicit subsidy (Producer)",166.578153494173
"1041",2021,"Other LMICs","Implicit subsidy",334286.801395748
"1042",2021,"Other UMICs","Explicit subsidy (Consumer)",63470.2579591882
"1043",2021,"Other UMICs","Explicit subsidy (Producer)",3323.40955940651
"1044",2021,"Other UMICs","Implicit subsidy",276791.90340165
"1045",2022,"Other HICs","Explicit subsidy (Consumer)",99027.0209494391
"1046",2022,"Other HICs","Explicit subsidy (Producer)",6933.24318976197
"1047",2022,"Other HICs","Implicit subsidy",326796.927459405
"1048",2022,"Other LICs","Explicit subsidy (Consumer)",9313.91839789966
"1049",2022,"Other LICs","Explicit subsidy (Producer)",0.79967361324065
"1050",2022,"Other LICs","Implicit subsidy",12961.9474415233
"1051",2022,"Other LMICs","Explicit subsidy (Consumer)",191193.315609013
"1052",2022,"Other LMICs","Explicit subsidy (Producer)",166.788422927344
"1053",2022,"Other LMICs","Implicit subsidy",368743.352316496
"1054",2022,"Other UMICs","Explicit subsidy (Consumer)",104747.647870809
"1055",2022,"Other UMICs","Explicit subsidy (Producer)",3247.40788663696
"1056",2022,"Other UMICs","Implicit subsidy",311627.382798719
"1057",2023,"Other HICs","Explicit subsidy (Consumer)",56824.7172420451
"1058",2023,"Other HICs","Explicit subsidy (Producer)",6908.03063665569
"1059",2023,"Other HICs","Implicit subsidy",306065.324301893
"1060",2023,"Other LICs","Explicit subsidy (Consumer)",6323.33403564105
"1061",2023,"Other LICs","Explicit subsidy (Producer)",0.670821654987385
"1062",2023,"Other LICs","Implicit subsidy",12364.9578148721
"1063",2023,"Other LMICs","Explicit subsidy (Consumer)",115126.730526213
"1064",2023,"Other LMICs","Explicit subsidy (Producer)",187.958352139137
"1065",2023,"Other LMICs","Implicit subsidy",371976.266264807
"1066",2023,"Other UMICs","Explicit subsidy (Consumer)",65203.2659083536
"1067",2023,"Other UMICs","Explicit subsidy (Producer)",3242.42331761649
"1068",2023,"Other UMICs","Implicit subsidy",302743.568328755
"1069",2024,"Other HICs","Explicit subsidy (Consumer)",48759.6932281178
"1070",2024,"Other HICs","Explicit subsidy (Producer)",6935.55034837177
"1071",2024,"Other HICs","Implicit subsidy",305180.831125079
"1072",2024,"Other LICs","Explicit subsidy (Consumer)",6048.64983747115
"1073",2024,"Other LICs","Explicit subsidy (Producer)",0.634446679211274
"1074",2024,"Other LICs","Implicit subsidy",12615.4328119767
"1075",2024,"Other LMICs","Explicit subsidy (Consumer)",106074.503038171
"1076",2024,"Other LMICs","Explicit subsidy (Producer)",187.99044536505
"1077",2024,"Other LMICs","Implicit subsidy",384628.962660003
"1078",2024,"Other UMICs","Explicit subsidy (Consumer)",57055.7450773461
"1079",2024,"Other UMICs","Explicit subsidy (Producer)",3273.05682886513
"1080",2024,"Other UMICs","Implicit subsidy",305196.766967458
"1081",2025,"Other HICs","Explicit subsidy (Consumer)",44261.2051918643
"1082",2025,"Other HICs","Explicit subsidy (Producer)",7050.2212382995
"1083",2025,"Other HICs","Implicit subsidy",313945.090410745
"1084",2025,"Other LICs","Explicit subsidy (Consumer)",6177.45961636984
"1085",2025,"Other LICs","Explicit subsidy (Producer)",0.634906210299249
"1086",2025,"Other LICs","Implicit subsidy",13564.4404709494
"1087",2025,"Other LMICs","Explicit subsidy (Consumer)",104878.811483885
"1088",2025,"Other LMICs","Explicit subsidy (Producer)",188.09927997184
"1089",2025,"Other LMICs","Implicit subsidy",411382.386229855
"1090",2025,"Other UMICs","Explicit subsidy (Consumer)",55936.3599817915
"1091",2025,"Other UMICs","Explicit subsidy (Producer)",3315.29634638542
"1092",2025,"Other UMICs","Implicit subsidy",320853.812042685
"1093",2026,"Other HICs","Explicit subsidy (Consumer)",43541.8606210674
"1094",2026,"Other HICs","Explicit subsidy (Producer)",7166.04764675997
"1095",2026,"Other HICs","Implicit subsidy",320274.423435873
"1096",2026,"Other LICs","Explicit subsidy (Consumer)",6386.19555160979
"1097",2026,"Other LICs","Explicit subsidy (Producer)",0.640239601138521
"1098",2026,"Other LICs","Implicit subsidy",14661.2913848984
"1099",2026,"Other LMICs","Explicit subsidy (Consumer)",106002.94545662
"1100",2026,"Other LMICs","Explicit subsidy (Producer)",188.14813955958
"1101",2026,"Other LMICs","Implicit subsidy",438821.324481029
"1102",2026,"Other UMICs","Explicit subsidy (Consumer)",55579.9125184717
"1103",2026,"Other UMICs","Explicit subsidy (Producer)",3355.33641841391
"1104",2026,"Other UMICs","Implicit subsidy",333992.775283973
"1105",2027,"Other HICs","Explicit subsidy (Consumer)",43966.0588864115
"1106",2027,"Other HICs","Explicit subsidy (Producer)",7304.64489783647
"1107",2027,"Other HICs","Implicit subsidy",328966.306982959
"1108",2027,"Other LICs","Explicit subsidy (Consumer)",6740.23071406725
"1109",2027,"Other LICs","Explicit subsidy (Producer)",0.659958062272332
"1110",2027,"Other LICs","Implicit subsidy",16104.5060333014
"1111",2027,"Other LMICs","Explicit subsidy (Consumer)",110287.964187169
"1112",2027,"Other LMICs","Explicit subsidy (Producer)",188.235051065651
"1113",2027,"Other LMICs","Implicit subsidy",469430.435381821
"1114",2027,"Other UMICs","Explicit subsidy (Consumer)",56411.6130090353
"1115",2027,"Other UMICs","Explicit subsidy (Producer)",3397.75206245707
"1116",2027,"Other UMICs","Implicit subsidy",348137.064406424
"1117",2028,"Other HICs","Explicit subsidy (Consumer)",43969.4110443819
"1118",2028,"Other HICs","Explicit subsidy (Producer)",7427.90228314409
"1119",2028,"Other HICs","Implicit subsidy",337503.565495595
"1120",2028,"Other LICs","Explicit subsidy (Consumer)",6973.50824609603
"1121",2028,"Other LICs","Explicit subsidy (Producer)",0.675644626460018
"1122",2028,"Other LICs","Implicit subsidy",17589.0031040312
"1123",2028,"Other LMICs","Explicit subsidy (Consumer)",113057.427584715
"1124",2028,"Other LMICs","Explicit subsidy (Producer)",188.279464033769
"1125",2028,"Other LMICs","Implicit subsidy",500492.598462468
"1126",2028,"Other UMICs","Explicit subsidy (Consumer)",56906.5747051052
"1127",2028,"Other UMICs","Explicit subsidy (Producer)",3439.38844251809
"1128",2028,"Other UMICs","Implicit subsidy",362200.375903577
"1129",2029,"Other HICs","Explicit subsidy (Consumer)",44090.137115095
"1130",2029,"Other HICs","Explicit subsidy (Producer)",7547.39686193143
"1131",2029,"Other HICs","Implicit subsidy",347447.5806929
"1132",2029,"Other LICs","Explicit subsidy (Consumer)",7181.96232189681
"1133",2029,"Other LICs","Explicit subsidy (Producer)",0.691441284635301
"1134",2029,"Other LICs","Implicit subsidy",19196.7183407883
"1135",2029,"Other LMICs","Explicit subsidy (Consumer)",115779.340035494
"1136",2029,"Other LMICs","Explicit subsidy (Producer)",188.212365334364
"1137",2029,"Other LMICs","Implicit subsidy",531597.721407504
"1138",2029,"Other UMICs","Explicit subsidy (Consumer)",57575.6911993264
"1139",2029,"Other UMICs","Explicit subsidy (Producer)",3481.48709388541
"1140",2029,"Other UMICs","Implicit subsidy",375834.543377535
"1141",2030,"Other HICs","Explicit subsidy (Consumer)",44306.4397640378
"1142",2030,"Other HICs","Explicit subsidy (Producer)",7663.85857781594
"1143",2030,"Other HICs","Implicit subsidy",358221.355747879
"1144",2030,"Other LICs","Explicit subsidy (Consumer)",7574.41014668899
"1145",2030,"Other LICs","Explicit subsidy (Producer)",0.716641738679796
"1146",2030,"Other LICs","Implicit subsidy",20960.8599021456
"1147",2030,"Other LMICs","Explicit subsidy (Consumer)",118615.23025937
"1148",2030,"Other LMICs","Explicit subsidy (Producer)",188.270366286669
"1149",2030,"Other LMICs","Implicit subsidy",566182.790720544
"1150",2030,"Other UMICs","Explicit subsidy (Consumer)",58356.873421762
"1151",2030,"Other UMICs","Explicit subsidy (Producer)",3523.66339183656
"1152",2030,"Other UMICs","Implicit subsidy",390104.249244916
